{
    "id": "devious-dots",
    "title": "Devious Dots",
	"socket": true,
    "description": "The dots are devious...",
    "authors": [
        {
            "name": "knoself",
            "discord": "knoself"
        }
    ],
    "esmodules": [
        "scripts/client-side.js"
    ],
    "version": "0.1",
    "compatibility": {
        "minimum": 10,
        "verified": "11.312"
    },
    "manifest": "https://github.com/edgedoggo/fvtt-devious-dots/releases/download/latest/module.json",
    "download": "https://github.com/edgedoggo/fvtt-devious-dots/releases/download/latest/devious-dots.zip"
}
